time,x,y,z,num_sats,rms_residual_m,worst_residual_m,min_elevation_deg,mean_elevation_deg,kept_measurement,lat_deg,lon_deg,alt_m,velocity_mps,utc_time
2026-03-21 15:14:52.418879+00:00,4435970.321162034,3084683.4104156685,3375477.7193121687,5,845.3856175933283,1857.7580829821527,21.9728268053834,44.513491575368704,False,32.16764378592008,34.81396476286001,-1322.8182076532394,,2026-03-21 15:14:52
2026-03-21 15:14:54.418879+00:00,4435968.647430997,3084682.186896182,3375476.5493846806,5,7.33196082186723,11.533412512391806,48.16141306347791,56.85572625836981,True,32.16764480653084,34.81396424361042,-1325.1955811791122,1.1902841933124855,2026-03-21 15:14:54
2026-03-21 15:14:56.418879+00:00,4435967.2758967355,3084681.1842865273,3375475.365968591,5,88.1278147006814,193.10666526854038,48.16912684978318,56.86043805054434,False,32.16764392705778,34.81396381811247,-1327.2633550837636,1.0352301667059625,2026-03-21 15:14:56
2026-03-21 15:14:58.418879+00:00,4435964.610738711,3084679.2926411824,3375472.7505799173,5,131.0903494450193,292.7532587349415,40.10860353720739,47.31266402698581,False,32.167639651770266,34.81396348423788,-1331.4222002308816,2.0929433412528415,2026-03-21 15:14:58
2026-03-21 15:15:00.418879+00:00,4435962.674032176,3084678.092040502,3375469.7260285886,5,49.74821349757262,110.42430855706334,28.0947460880594,43.22497489354477,False,32.167627485826486,34.81396475661921,-1334.9586587939411,1.8934218322083591,2026-03-21 15:15:00
2026-03-21 15:15:02.418879+00:00,4435962.239905083,3084678.1401397,3375466.40887006,5,52.373402327607536,111.77480490133166,28.09350830725692,52.85100700827174,False,32.16760373818051,34.813967803657306,-1337.0031716842204,1.6728957356824716,2026-03-21 15:15:02
2026-03-21 15:15:04.418879+00:00,4435965.041264731,3084680.0243534045,3375462.7375327623,5,75.57566205711278,167.9725892096758,28.091066619635992,52.85297015678664,False,32.16755949607498,34.81396724824202,-1336.1002976978198,2.493822102707424,2026-03-21 15:15:04
2026-03-21 15:15:06.418879+00:00,4435972.162800099,3084684.173977442,3375458.714222517,5,226.2234780222968,505.5356521643698,28.089099932155946,51.27400601939202,False,32.1674893229643,34.81396026107178,-1331.2875504186377,4.58592059930771,2026-03-21 15:15:06
2026-03-21 15:15:08.418879+00:00,4435984.800313784,3084691.1156380316,3375454.687453846,5,69.29415655638209,154.18801787868142,28.085414795495986,50.922132228952144,False,32.1673897216859,34.81394418758039,-1321.293804503046,7.485123075286322,2026-03-21 15:15:08
2026-03-21 15:15:10.418879+00:00,4436003.461626963,3084700.885921781,3375450.6579184355,5,4.608424074933744,7.2365602776408195,48.218340315999065,56.8858460039747,True,32.167258595476596,34.81391627202557,-1305.7480653431267,10.723108338179443,2026-03-21 15:15:10
2026-03-21 15:15:12.418879+00:00,4436028.314437497,3084713.429484003,3375446.64925879,5,69.0578399136441,150.7670347392559,28.07968537885902,47.102577815141174,False,32.16709561599373,34.813875017554125,-1284.5479198275134,14.063005518453442,2026-03-21 15:15:12
2026-03-21 15:15:14.418879+00:00,4436057.979541609,3084728.2806806928,3375442.795834695,5,24.167074352992604,52.91182176023722,28.07508159891539,48.224289987944296,True,32.16690852392654,34.81382472029842,-1258.8053677650169,16.69899190312945,2026-03-21 15:15:14
2026-03-21 15:15:16.418879+00:00,4436091.11020201,3084744.965777538,3375439.0896881954,5,41.760501882399275,92.33597583323717,28.07278181741709,44.34016814543685,True,32.166703867393636,34.81376940931686,-1229.6895304499194,18.639800409291123,2026-03-21 15:15:16
2026-03-21 15:15:18.418879+00:00,4436126.349669979,3084762.844951687,3375435.367147201,5,44.53871464671879,98.61374949291348,28.069941118691393,44.33959734385488,False,32.1664875002075,34.81371172817656,-1198.5396623816341,19.845290892664984,2026-03-21 15:15:18
2026-03-21 15:15:20.418879+00:00,4436162.322393538,3084780.9708393468,3375431.497274039,5,3.693711051321883,4.45600351318717,40.09746587249985,47.60241649992031,True,32.16626644308371,34.81365175671683,-1166.8392965178937,20.23339172035019,2026-03-21 15:15:20
2026-03-21 15:15:22.418879+00:00,4436196.780921986,3084798.419840121,3375425.030959733,5,22.189329373826347,48.4749053157866,27.79577087460416,38.124870281603854,True,32.16603338897841,34.813595059892606,-1137.9005943834782,19.5810560971841,2026-03-21 15:15:22
2026-03-21 15:15:24.418879+00:00,4436228.292885423,3084814.842782994,3375413.9564123116,5,22.7559699775595,49.771028619259596,27.80631046525999,38.128873699043865,True,32.165779581456825,34.81354726898495,-1113.9588011521846,18.610228993737383,2026-03-21 15:15:24
2026-03-21 15:15:26.418879+00:00,4436255.890332675,3084829.8447091198,3375396.6663481803,5,113.84972401638144,254.17467828467488,27.814071753863285,43.488903748860515,False,32.16549764693192,34.813510805020414,-1096.7331545995548,17.927794063808104,2026-03-21 15:15:26
2026-03-21 15:15:28.418879+00:00,4436279.008315248,3084843.3193550464,3375372.078424506,6,6.684411587082663,11.884355019778013,26.3007598578622,41.00183469966568,True,32.165181839325726,34.81348816264072,-1087.2438046680763,18.169845842408918,2026-03-21 15:15:28
2026-03-21 15:15:30.418879+00:00,4436297.407553944,3084855.5450170827,3375339.2871814845,6,3.3576797569047896,6.8511901162564754,12.154784980521544,41.789215682689424,True,32.164825424672344,34.81348321286562,-1086.00452240929,19.76906937417366,2026-03-21 15:15:30
2026-03-21 15:15:32.418879+00:00,4436309.963610098,3084865.7226478527,3375297.0665808246,5,31.941625414038494,70.57531685754657,28.049706490127267,48.183175038833824,True,32.16442566358179,34.813495806169406,-1094.8355698511004,22.604301771565538,2026-03-21 15:15:32
2026-03-21 15:15:34.418879+00:00,4436320.244673701,3084874.7586412057,3375252.478389239,5,19.50946770612521,42.22164160758257,28.046856640580092,48.17790561530238,True,32.164019921845096,34.81351223266553,-1107.0595691241324,23.320893387501087,2026-03-21 15:15:34
2026-03-21 15:15:36.418879+00:00,4436326.01049083,3084881.7015945874,3375203.040722365,5,15.980566366068132,34.00700759142637,28.04403686731348,48.17325337997321,True,32.163600687941546,34.81353777144205,-1126.0145223224536,25.127336482215878,2026-03-21 15:15:36
2026-03-21 15:15:38.418879+00:00,4436326.971590489,3084886.2489244994,3375150.7014532,5,25.234465432154554,55.42440179735422,27.880738945304262,38.15712377867066,True,32.16318480377302,34.813571540694596,-1151.0109040476382,26.272614157159843,2026-03-21 15:15:38
2026-03-21 15:15:40.418879+00:00,4436322.879731175,3084888.2865651506,3375096.994201952,5,12.595213478504945,25.938629686832428,28.03832994923797,48.16390268514444,True,32.16278526936869,34.81361405025703,-1181.4599950760603,26.950714873099063,2026-03-21 15:15:40
2026-03-21 15:15:42.418879+00:00,4436314.142660182,3084887.9883106193,3375044.5815383,5,5.021421692876733,9.062637899070978,28.035520838328623,48.159217517599565,True,32.1624203304087,34.81366434489855,-1215.5771019030362,26.568367829068585,2026-03-21 15:15:42
2026-03-21 15:15:44.418879+00:00,4436301.076644003,3084885.500616213,3374995.5637234915,5,3.28730602336002,5.499827414751053,27.909888803493594,40.25475326241714,True,32.16210437546344,34.8137217852081,-1251.953697715886,25.39515490620921,2026-03-21 15:15:44
2026-03-21 15:15:46.418879+00:00,4436284.543234486,3084881.099135413,3374951.8226895137,5,30.517707653342836,67.35191501677036,28.02982433725421,48.15041138487083,True,32.16184762307856,34.813783555554835,-1288.856069393456,23.4840622388237,2026-03-21 15:15:46
2026-03-21 15:15:48.418879+00:00,4436266.315237401,3084875.807998822,3374910.79486215,5,22.15862300664099,48.31770946457982,28.02703608349388,48.145712482327795,True,32.16162070374918,34.813847839782134,-1325.9218035275117,22.602757698573917,2026-03-21 15:15:48
2026-03-21 15:15:50.418879+00:00,4436244.579810166,3084868.417935068,3374878.8046470284,5,3.8391219908254404,6.929308392107487,28.024185821541465,48.140429130143154,True,32.161482370956755,34.813915084935246,-1361.628839675337,19.68765922429817,2026-03-21 15:15:50
2026-03-21 15:15:52.418879+00:00,4436222.313489764,3084860.619018145,3374851.6799176424,5,33.86936000741013,74.93550099432468,28.021337456775512,48.136334471371995,True,32.161384402270855,34.81398198518791,-1395.3124951822683,17.97472582317334,2026-03-21 15:15:52
2026-03-21 15:15:54.418879+00:00,4436200.774079954,3084853.1337121883,3374828.8427019045,5,33.83690540683257,74.86222364008427,28.018464627374293,48.131631936192875,True,32.16131544643622,34.81404721563096,-1426.0570683404803,16.13625113583692,2026-03-21 15:15:54
2026-03-21 15:15:56.418879+00:00,4436180.988840755,3084846.5882454794,3374809.8401266797,5,34.481632340715976,76.31903593987226,28.01557678344512,48.12690586309065,True,32.161266279791576,34.81411000913637,-1453.0870008124039,14.101389025360005,2026-03-21 15:15:56
2026-03-21 15:15:58.418879+00:00,4436163.7392338505,3084841.3780548023,3374794.228378352,5,32.3959234446395,71.6042704693973,28.012692034858127,48.12219008160697,True,32.161229349233345,34.81416907732108,-1475.904286175035,11.92079811830635,2026-03-21 15:15:58
2026-03-21 15:16:00.418879+00:00,4436149.650428588,3084837.535756053,3374781.6524060247,5,11.792655381654258,23.98048885166645,28.0097111009216,48.1169044090735,True,32.161199389975415,34.814220919278256,-1494.2476494163275,9.636036184376303,2026-03-21 15:16:00
2026-03-21 15:16:02.418879+00:00,4436137.959292432,3084834.8719345694,3374771.4881593995,5,76.95921408922526,171.71090317890048,28.006562256485267,48.11289788353581,False,32.16117516439668,34.81426850579875,-1509.0712211932987,7.859556586672453,2026-03-21 15:16:02
2026-03-21 15:16:04.418879+00:00,4436128.084907532,3084833.2043543947,3374763.2142754407,5,34.64113153082218,76.67957571521401,28.003812684908297,48.10802709372283,True,32.16115548097428,34.814313767117724,-1521.1443564854562,6.495026107865556,2026-03-21 15:16:04
2026-03-21 15:16:06.418879+00:00,4436119.498648325,3084832.2932785,3374756.3880683044,5,12.15948859078866,24.880100212991238,28.000908749504056,48.10272005086261,True,32.161139700419334,34.81435781633736,-1531.1859759502113,5.503430982551219,2026-03-21 15:16:06
2026-03-21 15:16:08.418879+00:00,4436111.806908447,3084831.9674427165,3374750.675456242,5,23.082560914446535,50.4318506680429,28.03803611855925,48.10607534946903,True,32.16112729277943,34.81440154529949,-1539.7302537821233,4.7933017815826595,2026-03-21 15:16:08
2026-03-21 15:16:10.418879+00:00,4436104.696346733,3084832.037503989,3374745.8091738573,5,34.645544159732985,76.68969358503819,27.99498641444757,48.09381998279922,True,32.16111797145422,34.814445202546516,-1547.2287487778813,4.308297248529646,2026-03-21 15:16:10
2026-03-21 15:16:12.418879+00:00,4436098.0495997,3084832.351987875,3374741.587489879,5,41.20814957426478,91.48937498033047,27.992037553334395,48.08911250971175,True,32.16111107390321,34.814488179862124,-1553.9436236741021,3.9402018301027675,2026-03-21 15:16:12
2026-03-21 15:16:14.418879+00:00,4436091.752676977,3084832.7662498634,3374737.8326448365,5,14.308223246774585,30.05665184929967,27.988939147266073,48.08368859220036,True,32.161106088611795,34.81452990807344,-1560.1186356237158,3.6715701704822328,2026-03-21 15:16:14
2026-03-21 15:16:16.418879+00:00,4436085.744086611,3084833.2307910863,3374734.4713378707,5,25.961423605331795,57.00258395075798,28.080461798617833,48.09795879054728,True,32.161102833948235,34.814570328511785,-1565.8594651529565,3.4502659770561936,2026-03-21 15:16:16
2026-03-21 15:16:18.418879+00:00,4436079.93314358,3084833.6854869965,3374731.461302747,5,10.910185407799647,21.793770283460617,27.983178058630287,48.07423078818569,True,32.161101509470264,34.81460946674125,-1571.2806984679773,3.280019768354232,2026-03-21 15:16:18
2026-03-21 15:16:20.418879+00:00,4436074.336116632,3084834.114044222,3374728.780807531,5,38.27682665802868,84.88434568792582,27.980240058381728,48.07008778906427,True,32.16110192976965,34.81464708241482,-1576.3904714388773,3.1102824049486695,2026-03-21 15:16:20
2026-03-21 15:16:22.418879+00:00,4436068.8783677565,3084833.742496024,3374725.795751922,5,43.46666727947921,96.1842224560678,27.977742178481904,44.320134470720284,False,32.16110166867587,34.814676889310256,-1581.9522645082325,3.1159118988744297,2026-03-21 15:16:22
2026-03-21 15:16:24.418879+00:00,4436063.594153972,3084832.711964139,3374722.642547569,5,39.24389724994013,87.06435007601976,27.97428892500115,48.06053660959215,True,32.161101245951244,34.81469990861119,-1587.8014502925798,3.119599692868539,2026-03-21 15:16:24
2026-03-21 15:16:26.418879+00:00,4436058.516404054,3084831.1193861114,3374719.385695184,5,26.014731079324157,57.123546559363604,28.13342238654834,48.08764973028243,True,32.16110075859456,34.814716784878456,-1593.8339575929567,3.119572745614574,2026-03-21 15:16:26
2026-03-21 15:16:28.418879+00:00,4436053.6925817225,3084829.0537062148,3374716.0686081075,5,41.21239842692239,91.4983607493341,27.96835622289711,48.05097554500768,True,32.161100107192254,34.81472800508829,-1599.950700991787,3.1040039463599776,2026-03-21 15:16:28
2026-03-21 15:16:30.418879+00:00,4436049.070297257,3084826.586079865,3374712.7303104177,5,169.8799149585135,379.5979595966637,27.965482671225402,47.299890214439145,False,32.16109960120324,34.8147345058716,-1606.1329294955358,3.1064016540990544,2026-03-21 15:16:30
2026-03-21 15:16:32.418879+00:00,4436044.671663703,3084824.5526258736,3374710.035110583,5,43.465585291194415,96.57071459665895,27.962447216733565,48.041400908096904,False,32.16110193416611,34.81474343253818,-1611.6075494587421,2.772499523176571,2026-03-21 15:16:32
2026-03-21 15:16:34.418879+00:00,4436040.48396234,3084822.880206594,3374707.870763487,5,56.67583339978276,125.94742593541741,28.17701732664819,44.35866294084205,False,32.161106499596116,34.81475422536076,-1616.4784976635128,2.500911199222578,2026-03-21 15:16:34
2026-03-21 15:16:36.418879+00:00,4436036.549685716,3084821.5057463013,3374706.1392858117,5,30.73487977917548,67.84049912169576,28.186684103732915,48.07731296218044,True,32.161112554682525,34.8147660779527,-1620.7988830804825,2.256417990708401,2026-03-21 15:16:36
2026-03-21 15:16:38.418879+00:00,4436032.925944892,3084820.840849321,3374710.042411557,5,30.499337990136862,67.30680960416794,28.19738076003549,48.075210577923364,True,32.161158467218236,34.814782227963754,-1621.5611811801791,2.683653113612628,2026-03-21 15:16:38
2026-03-21 15:16:40.418879+00:00,4436029.872863892,3084821.006356376,3374715.345830922,6,22.221353209595623,51.18721895292401,25.91483004649337,47.74488661099523,True,32.161210546642934,34.814802152604656,-1620.7801225455478,3.0608394739525755,2026-03-21 15:16:40
2026-03-21 15:16:42.418879+00:00,4436027.369665882,3084821.880843975,3374722.0825747093,5,28.60974010067535,62.77584080770612,25.90496498805311,41.16204921864648,True,32.16126945990626,34.8148249205486,-1618.5112492190674,3.619891078928871,2026-03-21 15:16:42
2026-03-21 15:16:44.418879+00:00,4436025.357791911,3084823.367888335,3374730.435373386,5,47.68216329258123,105.69800109416246,27.945205561697,44.31297667927193,False,32.16133709748348,34.81485004685058,-1614.7445933725685,4.359707086902671,2026-03-21 15:16:44
2026-03-21 15:16:46.418879+00:00,4436023.774750961,3084825.418020499,3374740.7924115197,6,28.791885181294578,53.76152565330267,25.885031728081195,41.084682548811735,True,32.16141680548725,34.81487747915662,-1609.340860042721,5.338007574053203,2026-03-21 15:16:46
2026-03-21 15:16:48.418879+00:00,4436023.110217448,3084826.5461901603,3374743.734863765,5,59.28468769455441,131.81498084962368,28.251375931014824,44.37310620672848,False,32.161438801345795,34.81489132412669,-1607.6911715622991,1.6103102799418063,2026-03-21 15:16:48
2026-03-21 15:16:50.418879+00:00,4436022.472353448,3084827.596681792,3374747.0077425097,5,5.667553735738324,9.032980963587761,27.93507206328831,46.50711522559433,True,32.161463428172425,34.81490433137431,-1605.8846009960398,1.7480087548166428,2026-03-21 15:16:50
